Item ID,Category,Item Name,Variation,Online Display Name,Item Type,Price,Description,Dietary,Short Code,Sap Code,HSN Code,Weight,Weight Unit,Rank,Packing Charges,Expose in Captain,Goods/Services,Short Code Two,Allow Decimal Qty,Manufacturing Date (DD-MM-YYYY),Expiry Date (DD-MM-YYYY),Dine-In QR
1290758609,Munchies,Peri Peri Fries,,Peri Peri Fries,item,119.00,"Super crisp, golden-brown French fries tossed in a fiery, aromatic Peri-Peri spice mix. Serving up a spicy, addictive crunch that pairs perfectly alongside your sweet boba!",veg,26FOD01,,	,,,1,0,Yes,services,,Yes,,,Yes
1290758610,Munchies,Cheese Fries,,Cheese Fries,item,129.00,"Crispy, hot golden French fries generously smothered in a rich, velvety homemade cheese sauce and topped with spicy sliced jalapenos for that ultimate savory side balance!",veg,26FOD02,,	,,,1,0,Yes,services,,Yes,,,Yes
1292710257,Goodies,Boba Key Chain A,,boba key chain a,item,80.00,,veg,boba key chain a,,,,,1,0,Yes,services,,Yes,,,Yes
1301124779,Goodies,Love Keychain 1,,love keychain 1,item,60.00,,veg,Lovekey,,,,,1,0,Yes,services,,Yes,,,Yes
1303032354,Munchies,Loaded Nachos,,Loaded Nachos,item,89.00,"A bold and satisfying snack loaded with crunchy nachos, zesty salsa, melted cheese, jalapeños, fresh onions, and juicy tomatoes. Finished with street spice seasoning, every bite delivers the perfect balance of crunch, heat, and savory flavor. Sharing is optional, but you might not want to.",veg,26FOD03,,	,,,1,0,No,services,,Yes,,,Yes
1307371566,Coffee,Caramel Boba Coffee,,Caramel Boba Coffee,item,0,"Our signature bestseller gets a premium upgrade! A rich, bold blend of aromatic coffee and deep sea salt caramel, layered seamlessly with smooth milk and a subtle swirl of chocolate. Finished with perfectly chewy Taiwanese tapioca pearls and crunchy choco chips, it's the ultimate sweet and velvety caffeine fix! Best enjoyed within 2 hours of delivery.",veg,26COF01,,	,,,1,0,Yes,services,,Yes,,,Yes
1307371567,Coffee,Caramel Boba Coffee (Hot [250 ML]),Hot [250 ML],Caramel Boba Coffee,variation,149.00,"Our signature bestseller gets a premium upgrade! A rich, bold blend of aromatic coffee and deep sea salt caramel, layered seamlessly with smooth milk and a subtle swirl of chocolate. Finished with perfectly chewy Taiwanese tapioca pearls and crunchy choco chips, it's the ultimate sweet and velvety caffeine fix! Best enjoyed within 2 hours of delivery.",veg,,,	,,,1,0,Yes,services,,Yes,,,Yes
1307371568,Coffee,Caramel Boba Coffee (Cold [350ML]),Cold [350ML],Caramel Boba Coffee,variation,179.00,"Our signature bestseller gets a premium upgrade! A rich, bold blend of aromatic coffee and deep sea salt caramel, layered seamlessly with smooth milk and a subtle swirl of chocolate. Finished with perfectly chewy Taiwanese tapioca pearls and crunchy choco chips, it's the ultimate sweet and velvety caffeine fix! Best enjoyed within 2 hours of delivery.",veg,,,	,,,1,0,Yes,services,,Yes,,,Yes
1307372014,Coffee,Biscoff Boba Coffee,,Biscoff Boba Coffee,item,0,"Your coffee break just got an indulgent upgrade! Rich coffee meets the iconic, caramelized crunch of authentic Lotus Biscoff spread, whipped with smooth milk. Topped off with our signature chewy tapioca pearls, it is a dreamy, cookie-infused masterpiece in every single sip. Best enjoyed within 2 hours of delivery.",veg,26COF04,,	,,,1,0,Yes,services,,Yes,,,Yes
1307372016,Coffee,Biscoff Boba Coffee (Hot [250 ML]),Hot [250 ML],Biscoff Boba Coffee,variation,149.00,"Your coffee break just got an indulgent upgrade! Rich coffee meets the iconic, caramelized crunch of authentic Lotus Biscoff spread, whipped with smooth milk. Topped off with our signature chewy tapioca pearls, it is a dreamy, cookie-infused masterpiece in every single sip. Best enjoyed within 2 hours of delivery.",veg,,,	,,,1,0,Yes,services,,Yes,,,Yes
1307372017,Coffee,Biscoff Boba Coffee (Cold [350ML]),Cold [350ML],Biscoff Boba Coffee,variation,179.00,"Your coffee break just got an indulgent upgrade! Rich coffee meets the iconic, caramelized crunch of authentic Lotus Biscoff spread, whipped with smooth milk. Topped off with our signature chewy tapioca pearls, it is a dreamy, cookie-infused masterpiece in every single sip. Best enjoyed within 2 hours of delivery.",veg,,,	,,,1,0,Yes,services,,Yes,,,Yes
1307372015,Coffee,Brown Sugar Macchiato,,Brown Sugar Macchiato,item,0,"A beautiful multi-layered sensation for true coffee lovers. Rich, roasted coffee is combined with a traditional drizzle of deeply caramelized brown sugar and milk, then paired with crunchy choco chips and flavorful coffee popping bubbles that explode with espresso intensity! Best enjoyed within 2 hours of delivery.",veg,26COF05,,	,,,1,0,Yes,services,,Yes,,,Yes
1307372018,Coffee,Brown Sugar Macchiato (Hot [250 ML]),Hot [250 ML],Brown Sugar Macchiato,variation,139.00,"A beautiful multi-layered sensation for true coffee lovers. Rich, roasted coffee is combined with a traditional drizzle of deeply caramelized brown sugar and milk, then paired with crunchy choco chips and flavorful coffee popping bubbles that explode with espresso intensity! Best enjoyed within 2 hours of delivery.",veg,,,	,,,1,0,Yes,services,,Yes,,,Yes
1307372019,Coffee,Brown Sugar Macchiato (Cold [350ML]),Cold [350ML],Brown Sugar Macchiato,variation,169.00,"A beautiful multi-layered sensation for true coffee lovers. Rich, roasted coffee is combined with a traditional drizzle of deeply caramelized brown sugar and milk, then paired with crunchy choco chips and flavorful coffee popping bubbles that explode with espresso intensity! Best enjoyed within 2 hours of delivery.",veg,,,	,,,1,0,Yes,services,,Yes,,,Yes
1307372020,Coffee,Cafe Mocha,,Cafe Mocha,item,0,"The perfect balance of rich chocolate sweetness and deep coffee notes! Smooth espresso extracts are masterfully swirled with a decadent layer of premium dark chocolate and milk. Topped with crunchy choco chips and flavorful chocolate popping bubbles, its a dessert-like pick-me-up that hits all the right spots. Heaven for chocolate and coffee lovers. Best enjoyed within 2 hours of delivery.",veg,26COF02,,	,,,1,0,Yes,services,,Yes,,,Yes
1307372022,Coffee,Cafe Mocha (Cold [350ML]),Cold [350ML],Cafe Mocha,variation,179.00,"The perfect balance of rich chocolate sweetness and deep coffee notes! Smooth espresso extracts are masterfully swirled with a decadent layer of premium dark chocolate and milk. Topped with crunchy choco chips and flavorful chocolate popping bubbles, its a dessert-like pick-me-up that hits all the right spots. Heaven for chocolate and coffee lovers. Best enjoyed within 2 hours of delivery.",veg,,,	,,,1,0,Yes,services,,Yes,,,Yes
1307372021,Coffee,Classic Boba Brew,,Classic Boba Brew,item,0,"Simple, comforting, and deeply satisfying. A smooth, freshly brewed cup of classic, rich coffee combined with velvety fresh milk and lightly sweetened. Served over a bed of our famous, house-cooked chewy tapioca pearls, it's a timeless coffee classic with a fun Taiwanese twist! Best enjoyed within 2 hours of delivery.",veg,26COF03,,	,,,1,0,Yes,services,,Yes,,,Yes
1307372023,Coffee,Classic Boba Brew (Hot [250 ML]),Hot [250 ML],Classic Boba Brew,variation,119.00,"Simple, comforting, and deeply satisfying. A smooth, freshly brewed cup of classic, rich coffee combined with velvety fresh milk and lightly sweetened. Served over a bed of our famous, house-cooked chewy tapioca pearls, it's a timeless coffee classic with a fun Taiwanese twist! Best enjoyed within 2 hours of delivery.",veg,,,	,,,1,0,Yes,services,,Yes,,,Yes
1307380956,Fruit Tea,Mango Jade Splash,,Mango Jade Splash,item,0,"Bursting with the vibrant taste of fresh mangoes, this premium Taiwanese green tea blend is a luscious tropical treat that combines fruity sweetness with clean tea notes, finished with flavorful mango popping bubbles! Perfect summer sensation for Green Tea lovers! Best enjoyed within 2 hours of delivery.",veg,26FRT01,,	,,,1,0,Yes,services,,Yes,,,Yes
1307380963,Fruit Tea,Mango Jade Splash (Cold [350ML]),Cold [350ML],Mango Jade Splash,variation,165.00,"Bursting with the vibrant taste of fresh mangoes, this premium Taiwanese green tea blend is a luscious tropical treat that combines fruity sweetness with clean tea notes, finished with flavorful mango popping bubbles! Perfect summer sensation for Green Tea lovers! Best enjoyed within 2 hours of delivery.",veg,,,	,,,1,0,Yes,services,,Yes,,,Yes
1307380957,Fruit Tea,Raw Mango Mist Pop,,Raw Mango Mist Pop,item,0,"A tropical escape in every sip. Tangy raw mango extracts blend with chilled green tea for a crisp, refreshing burst of flavor, finished with a hint of Indian spices and loaded with flavorful popping bubbles for the perfect balance of zing and chill! Best enjoyed within 2 hours of delivery.",veg,26FRT02,,	,,,1,0,Yes,services,,Yes,,,Yes
1307380964,Fruit Tea,Raw Mango Mist Pop (Cold [350ML]),Cold [350ML],Raw Mango Mist Pop,variation,165.00,"A tropical escape in every sip. Tangy raw mango extracts blend with chilled green tea for a crisp, refreshing burst of flavor, finished with a hint of Indian spices and loaded with flavorful popping bubbles for the perfect balance of zing and chill! Best enjoyed within 2 hours of delivery.",veg,,,	,,,1,0,Yes,services,,Yes,,,Yes
1307380958,Fruit Tea,Passion Fruit Rush,,Passion Fruit Rush,item,0,"A tropical celebration in every sip and a best-seller at BNB! Refreshing green tea meets the intense, zest of fresh passion fruit and rich passion fruit jam. Finished with a multi-textured pairing of Taiwanese tapioca pearls, tender coconut jelly, and flavorful passion fruit popping bubbles, it lifts your spirits with every gulp! Best enjoyed within 2 hours of delivery.",veg,26FRT03,,	,,,1,0,Yes,services,,Yes,,,Yes
1307380965,Fruit Tea,Passion Fruit Rush (Cold [350ML]),Cold [350ML],Passion Fruit Rush,variation,170.00,"A tropical celebration in every sip and a best-seller at BNB! Refreshing green tea meets the intense, zest of fresh passion fruit and rich passion fruit jam. Finished with a multi-textured pairing of Taiwanese tapioca pearls, tender coconut jelly, and flavorful passion fruit popping bubbles, it lifts your spirits with every gulp! Best enjoyed within 2 hours of delivery.",veg,,,	,,,1,0,Yes,services,,Yes,,,Yes
1307380959,Fruit Tea,Orange Ginger Spark,,Orange Ginger Spark,item,0,"An unexpected twist on a classic. Made with naturally zesty ginger for a deeper flavor, blended with chilled tea and sweet orange fruit extract to refresh and revive. Finished with flavorful orange popping boba for a fruity blast in every sip with a kick of freshness. Best enjoyed within 2 hours of delivery.",veg,26FRT04,,	,,,1,0,Yes,services,,Yes,,,Yes
1307380966,Fruit Tea,Orange Ginger Spark (Cold [350ML]),Cold [350ML],Orange Ginger Spark,variation,165.00,"An unexpected twist on a classic. Made with naturally zesty ginger for a deeper flavor, blended with chilled tea and sweet orange fruit extract to refresh and revive. Finished with flavorful orange popping boba for a fruity blast in every sip with a kick of freshness. Best enjoyed within 2 hours of delivery.",veg,,,	,,,1,0,Yes,services,,Yes,,,Yes
1307380960,Fruit Tea,Taiwan Pink Guava Splash,,Taiwan Pink Guava Splash,item,0,"A true Taiwanese night-market favorite. Refreshing green tea is shaken with sweet pink guava extract, paired with flavorful peach popping bubbles for a creamy yet beautifully fruity finish. Best enjoyed within 2 hours of delivery.",veg,26FRT05,,	,,,1,0,Yes,services,,Yes,,,Yes
1307380967,Fruit Tea,Taiwan Pink Guava Splash (Cold [350ML]),Cold [350ML],Taiwan Pink Guava Splash,variation,165.00,"A true Taiwanese night-market favorite. Refreshing green tea is shaken with sweet pink guava extract, paired with flavorful peach popping bubbles for a creamy yet beautifully fruity finish. Best enjoyed within 2 hours of delivery.",veg,,,	,,,1,0,Yes,services,,Yes,,,Yes
1307380961,Fruit Tea,Tropical Pineapple Pop,,Tropical Pineapple Pop,item,0,"Your ultimate sunshine escape and a fan favourite in Taiwan! Premium green tea leaves are naturally infused with the bright, sweet tang of fresh pineapple fruit extracts imported straight from the birthplace of bubble tea. Completed with flavorful pineapple popping bubbles, its a lively and crisp tropical pick-me-up. Best enjoyed within 2 hours of delivery.",veg,26FRT06,,	,,,1,0,Yes,services,,Yes,,,Yes
1307380968,Fruit Tea,Tropical Pineapple Pop (Cold [350ML]),Cold [350ML],Tropical Pineapple Pop,variation,165.00,"Your ultimate sunshine escape and a fan favourite in Taiwan! Premium green tea leaves are naturally infused with the bright, sweet tang of fresh pineapple fruit extracts imported straight from the birthplace of bubble tea. Completed with flavorful pineapple popping bubbles, its a lively and crisp tropical pick-me-up. Best enjoyed within 2 hours of delivery.",veg,,,	,,,1,0,Yes,services,,Yes,,,Yes
1307380962,Fruit Tea,Kiwi Island Tea,,Kiwi Island Tea,item,0,"A vibrant sip of paradise. Clean, chilled green tea perfectly captures the bold, exotic, and zesty taste of kiwi extracts. Layered over flavorful kiwi popping bubbles that burst with fruit juice, it delivers a deeply refreshing burst of island flavor in every single sip! Best enjoyed within 2 hours of delivery.",veg,26FRT07,,	,,,1,0,Yes,services,,Yes,,,Yes
1307380969,Fruit Tea,Kiwi Island Tea (Cold [350ML]),Cold [350ML],Kiwi Island Tea,variation,175.00,"A vibrant sip of paradise. Clean, chilled green tea perfectly captures the bold, exotic, and zesty taste of kiwi extracts. Layered over flavorful kiwi popping bubbles that burst with fruit juice, it delivers a deeply refreshing burst of island flavor in every single sip! Best enjoyed within 2 hours of delivery.",veg,,,	,,,1,0,Yes,services,,Yes,,,Yes
1307382577,Soda,Island Pineapple Punch,,Island Pineapple Punch,item,120.00,"A sparkling tropical escape, matching the bright, juicy sweetness of fresh pineapple fruit extract with fizzy soda and a pinch of indian masala. Filled with flavorful pineapple popping bubbles, it's your perfect companion. Best enjoyed within 2 hours of delivery.",veg,26SOD01,,	,,,1,0,Yes,services,,Yes,,,Yes
1307382578,Soda,Spicy Pink Guava Punch,,Spicy Pink Guava Punch,item,120.00,"Inspired by street-side guavas dusted with salt and chili, this sparkling soda combines sweet red guava extract with a bright, tangy finish. Finished with flavorful orange popping bubbles, it is full of attitude. Best enjoyed within 2 hours of delivery.",veg,26SOD02,,	,,,1,0,Yes,services,,Yes,,,Yes
1307382579,Soda,Zesty Lemon Twist,,Zesty Lemon Twist,item,120.00,"The classic Indian nimbu-soda, elevated to premium heights with fresh lemon extracts, crisp soda, and a savory hit of street spices. Packed with flavorful orange popping bubbles, it is zesty and fun. Best enjoyed within 2 hours of delivery.",veg,26SOD03,,	,,,1,0,Yes,services,,Yes,,,Yes
1307382580,Soda,Exotic Passion Splash,,Exotic Passion Splash,item,120.00,"A clean, handcrafted mocktail combining pure passion fruit puree, sweet passion fruit extracts, and crisp soda with a cooling hint of mint. Paired with flavorful passion fruit popping bubbles, it is endlessly refreshing. Best enjoyed within 2 hours of delivery.",veg,26SOD05,,	,,,1,0,Yes,services,,Yes,,,Yes
1307382581,Soda,Hawaiian Sunset Fizz,,Hawaiian Sunset Fizz,item,120.00,"Your mini island getaway in a glass! An exotic sparkling breeze that shakes vibrant island fruit extracts with bubbly soda and a faint, chatpata street accent. Complete with flavorful orange popping bubbles, it's pure sunshine in every sip. Best enjoyed within 2 hours of delivery.",veg,26SOD07,,	,,,1,0,Yes,services,,Yes,,,Yes
1307382582,Soda,Tangy Kachha Mango Twist,,Tangy Kachha Mango Twist,item,120.00,"The ultimate sweet-and-sour soda pop, infusing traditional green mango extract with fizzy soda and a punchy sprinkle of chaat masala. Topped with flavorful green apple popping bubbles, it's a nostalgic treat. Best enjoyed within 2 hours of delivery.",veg,26SOD08,,	,,,1,0,Yes,services,,Yes,,,Yes
1307382583,Soda,Lychee Blossom Fizz,,Lychee Blossom Fizz,item,120.00,"A gorgeous botanical cooler that dances between the floral elegance of rose extracts and the tropical sweetness of fresh lychee over sparkling soda. Finished with flavorful lychee popping bubbles, it is absolutely delightful. Best enjoyed within 2 hours of delivery.",veg,26SOD09,,	,,,1,0,Yes,services,,Yes,,,Yes
1307382584,Soda,Peachy Summer Cooler,,Peachy Summer Cooler,item,120.00,"A sparkling, thirst-quenching celebration of summer, mixing pure peach fruit extracts with bubbly soda and a faint hint of street spices. Dotted with flavorful peach popping bubbles, it's light and airy. Best enjoyed within 2 hours of delivery.",veg,26SOD10,,	,,,1,0,Yes,services,,Yes,,,Yes
1307382590,Soda,Orange Burst Co.,,Orange Burst Co.,item,120.00,"Pure sparkling sunshine, combining bubbly soda with sweet, zesty orange fruit extracts and a dash of chatpata chaat masala. Finished with flavorful orange popping bubbles, it's incredibly light and refreshing. Best enjoyed within 2 hours of delivery.",veg,26SOD04,,	,,,1,0,Yes,services,,Yes,,,Yes
1307382591,Soda,Kiwi Green Splash,,Kiwi Green Splash,item,130.00,"Fizzy, bright, and tongue-tingling! Sparkling soda infused with tangy kiwi fruit extract and a savory pinch of chaat masala for a street-style kick. Exploding with flavorful kiwi popping bubbles, it's the ultimate cool-down. Best enjoyed within 2 hours of delivery.",veg,26SOD06,,	,,,1,0,Yes,services,,Yes,,,Yes
1307389957,Milk Tea,Indian Boba Fusion,,Indian Boba Fusion,item,0,"The ultimate cross-cultural comfort drink. Premium tea leaves are slow-steeped with rich milk and an aromatic signature of traditional Indian spices, rounded off with a base of soft, chewy tapioca pearls for the perfect desi twist. Best enjoyed within 2 hours of delivery.",veg,26MKT01,,	,,,1,0,Yes,services,,Yes,,,Yes
1307389962,Milk Tea,Indian Boba Fusion (Hot [250 ML]),Hot [250 ML],Indian Boba Fusion,variation,119.00,"The ultimate cross-cultural comfort drink. Premium tea leaves are slow-steeped with rich milk and an aromatic signature of traditional Indian spices, rounded off with a base of soft, chewy tapioca pearls for the perfect desi twist. Best enjoyed within 2 hours of delivery.",veg,,,	,,,1,0,Yes,services,,Yes,,,Yes
1307389963,Milk Tea,Indian Boba Fusion (Cold [350ML]),Cold [350ML],Indian Boba Fusion,variation,159.00,"The ultimate cross-cultural comfort drink. Premium tea leaves are slow-steeped with rich milk and an aromatic signature of traditional Indian spices, rounded off with a base of soft, chewy tapioca pearls for the perfect desi twist. Best enjoyed within 2 hours of delivery.",veg,,,	,,,1,0,Yes,services,,Yes,,,Yes
1307389958,Milk Tea,Taiwan Classic Boba,,Taiwan Classic Boba,item,0,"The authentic taste of Taiwan in every sip! A creamy, velvety milk tea infused with the deep caramel aroma of brown sugar that keeps crave for more. Paired with our famous, perfectly chewy tapioca pearls, it is a must-try heritage classic! Best enjoyed within 2 hours of delivery.",veg,26MKT02,,	,,,1,0,Yes,services,,Yes,,,Yes
1307389964,Milk Tea,Taiwan Classic Boba (Hot [250 ML]),Hot [250 ML],Taiwan Classic Boba,variation,129.00,"The authentic taste of Taiwan in every sip! A creamy, velvety milk tea infused with the deep caramel aroma of brown sugar that keeps crave for more. Paired with our famous, perfectly chewy tapioca pearls, it is a must-try heritage classic! Best enjoyed within 2 hours of delivery.",veg,,,	,,,1,0,Yes,services,,Yes,,,Yes
1307389965,Milk Tea,Taiwan Classic Boba (Cold [350ML]),Cold [350ML],Taiwan Classic Boba,variation,179.00,"The authentic taste of Taiwan in every sip! A creamy, velvety milk tea infused with the deep caramel aroma of brown sugar that keeps crave for more. Paired with our famous, perfectly chewy tapioca pearls, it is a must-try heritage classic! Best enjoyed within 2 hours of delivery.",veg,,,	,,,1,0,Yes,services,,Yes,,,Yes
1307389959,Milk Tea,Thai Sunset,,Thai Sunset,item,0,"Transport yourself straight to the vibrant night markets of Bangkok! A bold, aromatic blend of authentic Thai Black Tea infused with a subtle hint of traditional Thai spices and creamy fresh milk. Served with chewy tapioca pearls, it's a deeply flavorful tropical classic! Best enjoyed within 2 hours of delivery.",veg,26MKT03,,	,,,1,0,Yes,services,,Yes,,,Yes
1307389966,Milk Tea,Thai Sunset (Hot [250 ML]),Hot [250 ML],Thai Sunset,variation,139.00,"Transport yourself straight to the vibrant night markets of Bangkok! A bold, aromatic blend of authentic Thai Black Tea infused with a subtle hint of traditional Thai spices and creamy fresh milk. Served with chewy tapioca pearls, it's a deeply flavorful tropical classic! Best enjoyed within 2 hours of delivery.",veg,,,	,,,1,0,Yes,services,,Yes,,,Yes
1307389967,Milk Tea,Thai Sunset (Cold [350ML]),Cold [350ML],Thai Sunset,variation,179.00,"Transport yourself straight to the vibrant night markets of Bangkok! A bold, aromatic blend of authentic Thai Black Tea infused with a subtle hint of traditional Thai spices and creamy fresh milk. Served with chewy tapioca pearls, it's a deeply flavorful tropical classic! Best enjoyed within 2 hours of delivery.",veg,,,	,,,1,0,Yes,services,,Yes,,,Yes
1307389960,Milk Tea,Royal Taro Mist,,Royal Taro Mist,item,0,"A creamy, vibrant drink featuring the unique, nutty-sweet flavor of authentic taro extract imported from Taiwan. Blended to perfection and served with chewy tapioca pearls, it's a delightful treat for bubble tea enthusiasts! Best enjoyed within 2 hours of delivery.",veg,26MKT04,,	,,,1,0,Yes,services,,Yes,,,Yes
1307389968,Milk Tea,Royal Taro Mist (Hot [250 ML]),Hot [250 ML],Royal Taro Mist,variation,139.00,"A creamy, vibrant drink featuring the unique, nutty-sweet flavor of authentic taro extract imported from Taiwan. Blended to perfection and served with chewy tapioca pearls, it's a delightful treat for bubble tea enthusiasts! Best enjoyed within 2 hours of delivery.",veg,,,	,,,1,0,Yes,services,,Yes,,,Yes
1307389969,Milk Tea,Royal Taro Mist (Cold [350ML]),Cold [350ML],Royal Taro Mist,variation,179.00,"A creamy, vibrant drink featuring the unique, nutty-sweet flavor of authentic taro extract imported from Taiwan. Blended to perfection and served with chewy tapioca pearls, it's a delightful treat for bubble tea enthusiasts! Best enjoyed within 2 hours of delivery.",veg,,,	,,,1,0,Yes,services,,Yes,,,Yes
1307389961,Milk Tea,Assam Garden Brew,,Assam Garden Brew,item,0,"A rich and aromatic blend of premium Assam tea and fresh milk, creating a smooth, velvety milk tea with deep malty notes. Finished with chewy Taiwanese tapioca pearls for the perfect balance of flavor and texture. One cup may not be enough. Best enjoyed within 2 hours of delivery.",veg,26MKT05,,	,,,1,0,Yes,services,,Yes,,,Yes
1307389970,Milk Tea,Assam Garden Brew (Hot [250 ML]),Hot [250 ML],Assam Garden Brew,variation,139.00,"A rich and aromatic blend of premium Assam tea and fresh milk, creating a smooth, velvety milk tea with deep malty notes. Finished with chewy Taiwanese tapioca pearls for the perfect balance of flavor and texture. One cup may not be enough. Best enjoyed within 2 hours of delivery.",veg,,,	,,,1,0,Yes,services,,Yes,,,Yes
1307389971,Milk Tea,Assam Garden Brew (Cold [350ML]),Cold [350ML],Assam Garden Brew,variation,179.00,"A rich and aromatic blend of premium Assam tea and fresh milk, creating a smooth, velvety milk tea with deep malty notes. Finished with chewy Taiwanese tapioca pearls for the perfect balance of flavor and texture. One cup may not be enough. Best enjoyed within 2 hours of delivery.",veg,,,	,,,1,0,Yes,services,,Yes,,,Yes
1307389991,Milk Tea,Madagascar Vanilla Tea,,Madagascar Vanilla Tea,item,0,"Pure elegance in a cup. The aromatic, soothing warmth of premium vanilla blends seamlessly with our authentic Taiwanese tea base and rich milk. Finished with soft, chewy tapioca pearls, it is comfort in every sip. Best enjoyed within 2 hours of delivery.",veg,26MKT06,,	,,,1,0,Yes,services,,Yes,,,Yes
1307389992,Milk Tea,Madagascar Vanilla Tea (Hot [250 ML]),Hot [250 ML],Madagascar Vanilla Tea,variation,139.00,"Pure elegance in a cup. The aromatic, soothing warmth of premium vanilla blends seamlessly with our authentic Taiwanese tea base and rich milk. Finished with soft, chewy tapioca pearls, it is comfort in every sip. Best enjoyed within 2 hours of delivery.",veg,,,	,,,1,0,Yes,services,,Yes,,,Yes
1307389993,Milk Tea,Madagascar Vanilla Tea (Cold [350ML]),Cold [350ML],Madagascar Vanilla Tea,variation,179.00,"Pure elegance in a cup. The aromatic, soothing warmth of premium vanilla blends seamlessly with our authentic Taiwanese tea base and rich milk. Finished with soft, chewy tapioca pearls, it is comfort in every sip. Best enjoyed within 2 hours of delivery.",veg,,,	,,,1,0,Yes,services,,Yes,,,Yes
1307390772,Matcha,Rose Matcha Velvet,,Rose Matcha Velvet,item,0,"Velvety matcha meets a whisper of rose in every sip. Smooth milk with a touch of authentic green tea matcha makes it rich and creamy, while the delicate floral rose note adds a soothing, premium finish. Best enjoyed within 2 hours of delivery.",veg,26MAT02,,	,,,1,0,Yes,services,,Yes,,,Yes
1307390774,Matcha,Rose Matcha Velvet (Cold [350ML]),Cold [350ML],Rose Matcha Velvet,variation,179.00,"Velvety matcha meets a whisper of rose in every sip. Smooth milk with a touch of authentic green tea matcha makes it rich and creamy, while the delicate floral rose note adds a soothing, premium finish. Best enjoyed within 2 hours of delivery.",veg,,,	,,,1,0,Yes,services,,Yes,,,Yes
1307390773,Matcha,Creamy Vanilla Matcha,,Creamy Vanilla Matcha,item,0,"Slightly sweet, lightly herbal, and deeply comforting. Fine matcha is whisked into a smooth vanilla milk tea base for a rich, balanced flavor that feels calm, finished with chewy tapioca pearls. Best enjoyed within 2 hours of delivery.",veg,26MAT04,,	,,,1,0,Yes,services,,Yes,,,Yes
1307390775,Matcha,Creamy Vanilla Matcha (Cold [350ML]),Cold [350ML],Creamy Vanilla Matcha,variation,179.00,"Slightly sweet, lightly herbal, and deeply comforting. Fine matcha is whisked into a smooth vanilla milk tea base for a rich, balanced flavor that feels calm, finished with chewy tapioca pearls. Best enjoyed within 2 hours of delivery.",veg,,,	,,,1,0,Yes,services,,Yes,,,Yes
1307390785,Matcha,Kyoto Matcha Latte,,Kyoto Matcha Latte,item,0,"A rich and earthy indulgence, marrying authentic, stone-ground Japanese matcha with rich milk. Served over a bed of traditional chewy tapioca pearls, it's a smooth, comforting masterpiece. Best enjoyed within 2 hours of delivery.",veg,26MAT01,,	,,,1,0,Yes,services,,Yes,,,Yes
1307390787,Matcha,Kyoto Matcha Latte (Hot [250 ML]),Hot [250 ML],Kyoto Matcha Latte,variation,139.00,"A rich and earthy indulgence, marrying authentic, stone-ground Japanese matcha with rich milk. Served over a bed of traditional chewy tapioca pearls, it's a smooth, comforting masterpiece. Best enjoyed within 2 hours of delivery.",veg,,,	,,,1,0,Yes,services,,Yes,,,Yes
1307390788,Matcha,Kyoto Matcha Latte (Cold [350ML]),Cold [350ML],Kyoto Matcha Latte,variation,179.00,"A rich and earthy indulgence, marrying authentic, stone-ground Japanese matcha with rich milk. Served over a bed of traditional chewy tapioca pearls, it's a smooth, comforting masterpiece. Best enjoyed within 2 hours of delivery.",veg,,,	,,,1,0,Yes,services,,Yes,,,Yes
1307390786,Matcha,Tropical Matcha,,Tropical Matcha,item,0,"An exotic island escape! Authentic stone-ground matcha powder is shaken with vibrant tropical fruit extracts and rich milk, topped with flavorful orange popping bubbles for a bright, energetic fruit-and-tea melody. Best enjoyed within 2 hours of delivery.",veg,26MAT03,,	,,,1,0,Yes,services,,Yes,,,Yes
1307390789,Matcha,Tropical Matcha (Cold [350ML]),Cold [350ML],Tropical Matcha,variation,179.00,"An exotic island escape! Authentic stone-ground matcha powder is shaken with vibrant tropical fruit extracts and rich milk, topped with flavorful orange popping bubbles for a bright, energetic fruit-and-tea melody. Best enjoyed within 2 hours of delivery.",veg,,,	,,,1,0,Yes,services,,Yes,,,Yes
1307392921,Smoothie,Mango Chill Vibe,,Mango Chill Vibe,item,169.00,"Sweet, sunny, and tropical. Authentic mango fruit extract blends with creamy milk for a smooth, refreshing fruit shake that is absolutely perfect for a warm day, finished with flavorful mango popping bubbles. Best enjoyed within 2 hours of delivery.",veg,26SMT01,,	,,,1,0,Yes,services,,Yes,,,Yes
1307392922,Smoothie,Strawberry Chill,,Strawberry Chill,item,169.00,"A creamy delight made with real strawberry fruit grains and rich strawberry extract, blended beautifully with cold milk. Sweet, fruity, and refreshingly indulgent in every single sip, finished with flavorful cherry popping bubbles. Best enjoyed within 2 hours of delivery.",veg,26SMT02,,	,,,1,0,Yes,services,,Yes,,,Yes
1307392923,Chocolate,Choco Ice Swirl,,Choco Ice Swirl,item,185.00,"Pure chocolate indulgence. Rich cocoa and creamy milk blend into a velvety treat, topped with choco chips and a drizzle of chocolate sauce. Finished with flavorful chocolate popping bubbles that make every sip feel like pure bliss. Best enjoyed within 2 hours of delivery.",veg,26CHT01,,	,,,1,0,Yes,services,,Yes,,,Yes
1307392924,Smoothie,Cheesy Mango Melt,,Cheesy Mango Melt,item,179.00,"A luscious two-layer delight where sweet mango fruit extract and crushed ice meet a creamy, velvety cheese mousse. Crowned with real ripe mango pieces and mango popping bubbles, every sip is a perfect balance of fruity sweetness and indulgent creaminess. Best enjoyed within 2 hours of delivery.",veg,26SMT03,,	,,,1,0,Yes,services,,Yes,,,Yes
1307392925,Smoothie,Black Currant Cream Bliss,,Black Currant Cream Bliss,item,179.00,"Dessert meets refreshment in a cup! A creamy, thick smoothie featuring tart and intense black currant fruit extract, topped with a rich, savory cream cheese cap and finished with flavorful blueberry popping bubbles. Best enjoyed within 2 hours of delivery.",veg,26SMT04,,	,,,1,0,Yes,services,,Yes,,,Yes
1307392926,Smoothie,Blueberry Blend,,Blueberry Blend,item,185.00,"Cool, creamy, and bursting with berry goodness. Rich blueberry fruit extract blends with velvety milk for a luscious texture, finished with flavorful blueberry popping boba that bursts with sweetness. Best enjoyed within 2 hours of delivery.",veg,26SMT05,,	,,,1,0,Yes,services,,Yes,,,Yes
1307392927,Chocolate,Hot Cocoa Cloud,,Hot Cocoa Cloud,item,199.00,"Pure chocolate heaven! Warm milk melts down smoothly with a real premium chocolate bar, premium cocoa, and a touch of chocolate extract, topped with a fluffy cloud of whipping cream and crunchy choco chips. Best enjoyed within 2 hours of delivery.",veg,26CHT02,,	,,,1,0,Yes,services,,Yes,,,Yes
1307442312,Fruit Tea,Peach Pomelo Burst,,Peach Pomelo Burst,item,0,"Your summer in a glass! Light, crisp tea naturally infused with the sweet extract of ripe peaches and citrusy pomelo fruit. Finished with flavorful peach popping bubbles, it delivers a refreshing fruit explosion in every single sip. Best enjoyed within 2 hours of delivery.",veg,26FRT08,,	,,,1,0,Yes,services,,Yes,,,Yes
1307481350,Fruit Tea,Peach Pomelo Burst (Cold [350ML]),Cold [350ML],Peach Pomelo Burst,variation,165.00,"Your summer in a glass! Light, crisp tea naturally infused with the sweet extract of ripe peaches and citrusy pomelo fruit. Finished with flavorful peach popping bubbles, it delivers a refreshing fruit explosion in every single sip. Best enjoyed within 2 hours of delivery.",veg,,,	,,,1,0,Yes,services,,Yes,,,Yes
1307478147,Milk Tea,Hong Kong Silk Tea,,Hong Kong Silk Tea,item,0,"Taste the authentic energy of a traditional Hong Kong Milk Tea. Our imported HongKong black tea blend is pulled to a perfectly silky texture and combined with rich milk and a subtle hint of traditional spices. Completed with chewy tapioca pearls, it is a rich, deeply aromatic classic. Best enjoyed within 2 hours of delivery.",veg,26MKT07,,	,,,1,0,Yes,services,,Yes,,,Yes
1307478148,Milk Tea,Hong Kong Silk Tea (Hot [250 ML]),Hot [250 ML],Hong Kong Silk Tea,variation,129.00,"Taste the authentic energy of a traditional Hong Kong café. Our signature black tea blend is pulled to a perfectly silky texture and combined with rich milk and a subtle hint of traditional spices. Completed with chewy tapioca pearls, it is a rich, deeply aromatic classic. Best enjoyed within 2 hours of delivery.",veg,,,	,,,1,0,Yes,services,,Yes,,,Yes
1307478149,Milk Tea,Hong Kong Silk Tea (Cold [350ML]),Cold [350ML],Hong Kong Silk Tea,variation,179.00,"Taste the authentic energy of a traditional Hong Kong café. Our signature black tea blend is pulled to a perfectly silky texture and combined with rich milk and a subtle hint of traditional spices. Completed with chewy tapioca pearls, it is a rich, deeply aromatic classic. Best enjoyed within 2 hours of delivery.",veg,,,	,,,1,0,Yes,services,,Yes,,,Yes
1307478998,Soda,Pomelo Passion Twist,,Pomelo Passion Twist,item,130.00,"A tangy, effervescent tropical escape. This lively sparkler combines the intense, fruity notes of fresh passion fruit with juicy pomelo pulp and crisp sparkling soda. Bursting with flavorful orange popping bubbles, making it the perfect bright pick-me-up! Best enjoyed within 2 hours of delivery.",veg,26SOD11,,	,,,1,0,Yes,services,,Yes,,,Yes
1307481208,Munchies,Sandwich,,Sandwich,item,99.00,,veg,26FOD04,,	,,,1,0,Yes,services,,Yes,,,Yes
1308580862,Combos,Boba + Soda Combo,,Boba + Soda Combo,item,329.00,,veg,26CMB01,,	,,,1,0,Yes,services,,Yes,,,Yes
1308581492,Combos,Taro Boba + Soda Combo,,Taro Boba + Soda Combo,item,329.00,,veg,26CMB02,,	,,,1,0,Yes,services,,Yes,,,Yes
1308582037,Combos,Thai Boba + Soda Combo,,Thai Boba + Soda Combo,item,329.00,,veg,26CMB03,,	,,,1,0,Yes,services,,Yes,,,Yes
1308582117,Combos,Vanilla Boba + Soda Combo,,Vanilla Boba + Soda Combo,item,329.00,,veg,26CMB04,,	,,,1,0,Yes,services,,Yes,,,Yes
